id_sample,TTI
0,1.0789
1,1.05762
2,1.07482
3,1.72275
4,1.82338
5,1.9763
6,1.11895
7,1.16228
8,1.1544
9,1.2566
10,1.31239
11,1.34441
12,2.10077
13,2.05553
14,1.99161
15,2.74388
16,2.7212
17,2.80792
18,1.80509
19,1.48378
20,1.33241
21,1.1417
22,1.17905
23,1.24482
24,1.76647
25,1.65176
26,1.6778099999999998
27,1.62379
28,1.58636
29,1.4798
30,1.79635
31,1.82777
32,2.15614
33,1.53342
34,1.55625
35,1.51586
36,1.50056
37,1.59964
38,1.71216
39,1.37873
40,1.30027
41,1.20495
42,1.06139
43,1.0925
44,1.07592
45,1.47195
46,1.43156
47,1.48888
48,1.18891
49,1.21586
50,1.17931
51,2.65741
52,2.8546
53,2.74615
54,1.8408
55,1.75205
56,1.7149599999999998
57,1.79285
58,1.7997599999999998
59,1.7638200000000002
60,1.46203
61,1.52691
62,1.4482
63,1.25383
64,1.41286
65,1.48293
66,1.51678
67,1.30139
68,1.26014
69,1.1676799999999998
70,1.16243
71,1.43343
72,1.71284
73,1.93478
74,1.91417
75,2.43598
76,2.2972
77,2.24995
78,1.88288
79,2.40788
80,3.64391
81,1.13357
82,1.13373
83,1.1308200000000002
84,1.11056
85,1.0965
86,1.11778
87,1.19907
88,1.14946
89,1.18398
90,1.16412
91,1.15134
92,1.15559
93,1.1735
94,1.17506
95,1.20984
96,1.24852
97,1.4227
98,1.35874
99,1.59182
100,1.541
101,1.50156
102,1.26453
103,1.26986
104,1.24471
105,1.09475
106,1.11299
107,1.14271
108,1.36309
109,1.18008
110,1.16072
111,1.28617
112,1.22701
113,1.15618
114,1.23298
115,1.14789
116,1.21661
117,1.2029299999999998
118,1.18501
119,1.2069299999999998
120,1.3541299999999998
121,1.38771
122,1.7015900000000002
123,1.1936
124,1.18476
125,1.18259
126,1.13755
127,1.15364
128,1.14507
129,1.14479
130,1.16738
131,1.21962
132,1.14662
133,1.1540700000000002
134,1.16132
135,1.16943
136,1.17031
137,1.19386
138,1.16608
139,1.16753
140,1.13039
141,1.18375
142,1.1764
143,1.17467
144,1.18379
145,1.18341
146,1.21052
147,1.0825
148,1.07361
149,1.08518
150,1.16252
151,1.16444
152,1.16297
153,1.21154
154,1.15161
155,1.15556
156,1.20061
157,1.28578
158,1.25593
159,1.17898
160,1.1745
161,1.22715
162,1.26189
163,1.26252
164,1.1695799999999998
165,1.36824
166,1.3788200000000002
167,1.38683
168,1.06963
169,1.08084
170,1.09722
171,1.13781
172,1.1451
173,1.17381
174,1.18189
175,1.15024
176,1.11544
177,1.1284299999999998
178,1.13716
179,1.1183
180,1.18226
181,1.23491
182,1.18634
183,1.30815
184,1.27604
185,1.29086
186,1.20769
187,1.22582
188,1.23604
189,1.12906
190,1.14953
191,1.1981700000000002
192,1.24589
193,1.16477
194,1.14933
195,1.13795
196,1.13283
197,1.1226
198,1.20264
199,1.20226
200,1.2455
201,1.36284
202,1.4166299999999998
203,1.34968
204,1.17813
205,1.15857
206,1.1700700000000002
207,1.15878
208,1.15513
209,1.18505
210,1.59736
211,1.61039
212,1.56414
213,1.81114
214,1.85454
215,1.87159
216,1.80395
217,1.62635
218,1.56528
219,1.86739
220,2.18228
221,2.26809
222,2.05505
223,1.9902
224,1.76068
225,1.7919
226,1.59286
227,1.93726
228,1.72518
229,1.73184
230,1.76001
231,1.35282
232,1.48468
233,1.45344
234,1.89654
235,2.29199
236,2.03623
237,1.45677
238,1.7327099999999998
239,2.0926
240,2.5750900000000003
241,2.27641
242,2.2139
243,3.77579
244,3.14398
245,2.69557
246,4.1732
247,3.34254
248,1.93837
249,1.6944099999999995
250,1.89215
251,1.80873
252,1.0789
253,1.05762
254,1.07482
255,1.72275
256,1.82338
257,1.9763
258,1.11895
259,1.16228
260,1.1544
261,1.2566
262,1.31239
263,1.34441
264,2.10077
265,2.05553
266,1.99161
267,2.74388
268,2.7212
269,2.80792
270,1.80509
271,1.48378
272,1.33241
273,1.1417
274,1.17905
275,1.24482
276,1.76647
277,1.65176
278,1.6778099999999998
279,1.62379
280,1.58636
281,1.4798
282,1.79635
283,1.82777
284,2.15614
285,1.53342
286,1.55625
287,1.51586
288,1.50056
289,1.59964
290,1.71216
291,1.37873
292,1.30027
293,1.20495
294,1.06139
295,1.0925
296,1.07592
297,1.47195
298,1.43156
299,1.48888
300,1.18891
301,1.21586
302,1.17931
303,2.65741
304,2.8546
305,2.74615
306,1.8408
307,1.75205
308,1.7149599999999998
309,1.79285
310,1.7997599999999998
311,1.7638200000000002
312,1.46203
313,1.52691
314,1.4482
315,1.25383
316,1.41286
317,1.48293
318,1.51678
319,1.30139
320,1.26014
321,1.1676799999999998
322,1.16243
323,1.43343
324,1.71284
325,1.93478
326,1.91417
327,2.43598
328,2.2972
329,2.24995
330,1.88288
331,2.40788
332,3.64391
333,1.13357
334,1.13373
335,1.1308200000000002
336,1.11056
337,1.0965
338,1.11778
339,1.19907
340,1.14946
341,1.18398
342,1.16412
343,1.15134
344,1.15559
345,1.1735
346,1.17506
347,1.20984
348,1.24852
349,1.4227
350,1.35874
351,1.59182
352,1.541
353,1.50156
354,1.26453
355,1.26986
356,1.24471
357,1.09475
358,1.11299
359,1.14271
360,1.36309
361,1.18008
362,1.16072
363,1.28617
364,1.22701
365,1.15618
366,1.23298
367,1.14789
368,1.21661
369,1.2029299999999998
370,1.18501
371,1.2069299999999998
372,1.3541299999999998
373,1.38771
374,1.7015900000000002
375,1.1936
376,1.18476
377,1.18259
378,1.13755
379,1.15364
380,1.14507
381,1.14479
382,1.16738
383,1.21962
384,1.14662
385,1.1540700000000002
386,1.16132
387,1.16943
388,1.17031
389,1.19386
390,1.16608
391,1.16753
392,1.13039
393,1.18375
394,1.1764
395,1.17467
396,1.18379
397,1.18341
398,1.21052
399,1.0825
400,1.07361
401,1.08518
402,1.16252
403,1.16444
404,1.16297
405,1.21154
406,1.15161
407,1.15556
408,1.20061
409,1.28578
410,1.25593
411,1.17898
412,1.1745
413,1.22715
414,1.26189
415,1.26252
416,1.1695799999999998
417,1.36824
418,1.3788200000000002
419,1.38683
420,1.06963
421,1.08084
422,1.09722
423,1.13781
424,1.1451
425,1.17381
426,1.18189
427,1.15024
428,1.11544
429,1.1284299999999998
430,1.13716
431,1.1183
432,1.18226
433,1.23491
434,1.18634
435,1.30815
436,1.27604
437,1.29086
438,1.20769
439,1.22582
440,1.23604
441,1.12906
442,1.14953
443,1.1981700000000002
444,1.24589
445,1.16477
446,1.14933
447,1.13795
448,1.13283
449,1.1226
450,1.20264
451,1.20226
452,1.2455
453,1.36284
454,1.4166299999999998
455,1.34968
456,1.17813
457,1.15857
458,1.1700700000000002
459,1.15878
460,1.15513
461,1.18505
462,1.59736
463,1.61039
464,1.56414
465,1.81114
466,1.85454
467,1.87159
468,1.80395
469,1.62635
470,1.56528
471,1.86739
472,2.18228
473,2.26809
474,2.05505
475,1.9902
476,1.76068
477,1.7919
478,1.59286
479,1.93726
480,1.72518
481,1.73184
482,1.76001
483,1.35282
484,1.48468
485,1.45344
486,1.89654
487,2.29199
488,2.03623
489,1.45677
490,1.7327099999999998
491,2.0926
492,2.5750900000000003
493,2.27641
494,2.2139
495,3.77579
496,3.14398
497,2.69557
498,4.1732
499,3.34254
500,1.93837
501,1.6944099999999995
502,1.89215
503,1.80873
504,1.15601
505,1.17478
506,1.1675799999999998
507,1.40222
508,1.34685
509,1.35556
510,1.33758
511,1.2844799999999998
512,1.25114
513,1.39398
514,1.47515
515,1.49512
516,1.63929
517,1.8878
518,2.08683
519,2.25291
520,2.27308
521,2.24126
522,1.44191
523,1.45583
524,1.45979
525,3.32881
526,3.1086
527,3.005
528,2.10716
529,1.86722
530,1.76941
531,1.1632
532,1.14681
533,1.13361
534,1.4882799999999998
535,1.60199
536,1.65437
537,1.51842
538,1.36927
539,1.30455
540,1.45753
541,1.45849
542,1.46231
543,1.19536
544,1.15349
545,1.17105
546,1.83105
547,1.91042
548,1.8807
549,1.3914799999999998
550,1.38592
551,1.43052
552,1.25735
553,1.21854
554,1.16077
555,1.39073
556,1.54149
557,1.46863
558,1.7573299999999998
559,1.71583
560,1.65864
561,1.73872
562,1.76728
563,1.82246
564,1.67136
565,1.73751
566,1.66091
567,3.35462
568,3.45256
569,3.16676
570,3.14411
571,2.74931
572,2.68996
573,1.0953
574,1.11509
575,1.1081299999999998
576,1.74883
577,1.72725
578,1.7344099999999998
579,1.23209
580,1.30096
581,1.28728
582,1.32313
583,1.4569299999999998
584,1.5610700000000002
585,1.1687
586,1.15564
587,1.14552
588,1.18117
589,1.16699
590,1.16224
591,1.18186
592,1.16246
593,1.16689
594,1.13881
595,1.18376
596,1.20973
597,1.17386
598,1.1833
599,1.17462
600,1.33472
601,1.38586
602,1.37186
603,1.58955
604,1.90546
605,1.75023
606,1.2431
607,1.24604
608,1.23526
609,1.509
610,1.47436
611,1.49522
612,1.5162
613,1.53221
614,1.46205
615,1.09825
616,1.11339
617,1.11034
618,1.12498
619,1.16283
620,1.19875
621,1.14737
622,1.17752
623,1.1821
624,1.2699200000000002
625,1.25394
626,1.2248
627,1.22814
628,1.2252299999999998
629,1.21004
630,1.1733
631,1.14136
632,1.09985
633,1.17503
634,1.15488
635,1.15184
636,1.1262
637,1.16951
638,1.16442
639,1.18239
640,1.18167
641,1.17897
642,1.1143299999999998
643,1.1610200000000002
644,1.18157
645,1.22101
646,1.22172
647,1.23023
648,1.16029
649,1.17435
650,1.20107
651,4.22096
652,3.20129
653,2.30269
654,1.13163
655,1.1224
656,1.12897
657,1.15699
658,1.16874
659,1.13714
660,1.1287200000000002
661,1.12341
662,1.1141
663,1.25056
664,1.26597
665,1.24265
666,1.18533
667,1.21819
668,1.21782
669,1.36764
670,1.34312
671,1.4417799999999998
672,1.2138799999999998
673,1.1813
674,1.12512
675,1.14968
676,1.12781
677,1.15184
678,1.10239
679,1.1548
680,1.13484
681,1.16077
682,1.16349
683,1.1730200000000002
684,1.213
685,1.19156
686,1.20325
687,1.33715
688,1.40852
689,1.31091
690,1.20665
691,1.19313
692,1.22675
693,2.00635
694,2.05273
695,2.3553900000000003
696,1.58134
697,1.43012
698,1.26548
699,1.09897
700,1.07533
701,1.1167
702,1.18882
703,1.21223
704,1.18662
705,1.16295
706,1.16223
707,1.15266
708,1.13491
709,1.12539
710,1.1656
711,1.15631
712,1.16121
713,1.17843
714,1.39845
715,1.46949
716,1.53015
717,1.75482
718,1.86879
719,1.80158
720,1.80361
721,1.7928
722,1.83377
723,2.13004
724,1.99942
725,1.9225
726,1.67278
727,1.66925
728,1.66645
729,1.66122
730,1.6598400000000002
731,1.61437
732,1.61694
733,1.61884
734,1.55405
735,1.35176
736,1.35915
737,1.3529799999999998
738,1.44451
739,1.42621
740,1.39872
741,1.6596799999999998
742,1.75957
743,1.5973
744,1.73148
745,2.2357400000000003
746,2.48889
747,1.53708
748,1.72976
749,1.9656
750,1.60622
751,1.6831599999999998
752,1.7400799999999998
753,1.54108
754,1.63333
755,1.57929
756,1.15601
757,1.17478
758,1.1675799999999998
759,1.40222
760,1.34685
761,1.35556
762,1.33758
763,1.2844799999999998
764,1.25114
765,1.39398
766,1.47515
767,1.49512
768,1.63929
769,1.8878
770,2.08683
771,2.25291
772,2.27308
773,2.24126
774,1.44191
775,1.45583
776,1.45979
777,3.32881
778,3.1086
779,3.005
780,2.10716
781,1.86722
782,1.76941
783,1.1632
784,1.14681
785,1.13361
786,1.4882799999999998
787,1.60199
788,1.65437
789,1.51842
790,1.36927
791,1.30455
792,1.45753
793,1.45849
794,1.46231
795,1.19536
796,1.15349
797,1.17105
798,1.83105
799,1.91042
800,1.8807
801,1.3914799999999998
802,1.38592
803,1.43052
804,1.25735
805,1.21854
806,1.16077
807,1.39073
808,1.54149
809,1.46863
810,1.7573299999999998
811,1.71583
812,1.65864
813,1.73872
814,1.76728
815,1.82246
816,1.67136
817,1.73751
818,1.66091
819,3.35462
820,3.45256
821,3.16676
822,3.14411
823,2.74931
824,2.68996
825,1.0953
826,1.11509
827,1.1081299999999998
828,1.74883
829,1.72725
830,1.7344099999999998
831,1.23209
832,1.30096
833,1.28728
834,1.32313
835,1.4569299999999998
836,1.5610700000000002
837,1.1687
838,1.15564
839,1.14552
840,1.18117
841,1.16699
842,1.16224
843,1.18186
844,1.16246
845,1.16689
846,1.13881
847,1.18376
848,1.20973
849,1.17386
850,1.1833
851,1.17462
852,1.33472
853,1.38586
854,1.37186
855,1.58955
856,1.90546
857,1.75023
858,1.2431
859,1.24604
860,1.23526
861,1.509
862,1.47436
863,1.49522
864,1.5162
865,1.53221
866,1.46205
867,1.09825
868,1.11339
869,1.11034
870,1.12498
871,1.16283
872,1.19875
873,1.14737
874,1.17752
875,1.1821
876,1.2699200000000002
877,1.25394
878,1.2248
879,1.22814
880,1.2252299999999998
881,1.21004
882,1.1733
883,1.14136
884,1.09985
885,1.17503
886,1.15488
887,1.15184
888,1.1262
889,1.16951
890,1.16442
891,1.18239
892,1.18167
893,1.17897
894,1.1143299999999998
895,1.1610200000000002
896,1.18157
897,1.22101
898,1.22172
899,1.23023
900,1.16029
901,1.17435
902,1.20107
903,4.22096
904,3.20129
905,2.30269
906,1.13163
907,1.1224
908,1.12897
909,1.15699
910,1.16874
911,1.13714
912,1.1287200000000002
913,1.12341
914,1.1141
915,1.25056
916,1.26597
917,1.24265
918,1.18533
919,1.21819
920,1.21782
921,1.36764
922,1.34312
923,1.4417799999999998
924,1.2138799999999998
925,1.1813
926,1.12512
927,1.14968
928,1.12781
929,1.15184
930,1.10239
931,1.1548
932,1.13484
933,1.16077
934,1.16349
935,1.1730200000000002
936,1.213
937,1.19156
938,1.20325
939,1.33715
940,1.40852
941,1.31091
942,1.20665
943,1.19313
944,1.22675
945,2.00635
946,2.05273
947,2.3553900000000003
948,1.58134
949,1.43012
950,1.26548
951,1.09897
952,1.07533
953,1.1167
954,1.18882
955,1.21223
956,1.18662
957,1.16295
958,1.16223
959,1.15266
960,1.13491
961,1.12539
962,1.1656
963,1.15631
964,1.16121
965,1.17843
966,1.39845
967,1.46949
968,1.53015
969,1.75482
970,1.86879
971,1.80158
972,1.80361
973,1.7928
974,1.83377
975,2.13004
976,1.99942
977,1.9225
978,1.67278
979,1.66925
980,1.66645
981,1.66122
982,1.6598400000000002
983,1.61437
984,1.61694
985,1.61884
986,1.55405
987,1.35176
988,1.35915
989,1.3529799999999998
990,1.44451
991,1.42621
992,1.39872
993,1.6596799999999998
994,1.75957
995,1.5973
996,1.73148
997,2.2357400000000003
998,2.48889
999,1.53708
1000,1.72976
1001,1.9656
1002,1.60622
1003,1.6831599999999998
1004,1.7400799999999998
1005,1.54108
1006,1.63333
1007,1.57929
1008,1.15601
1009,1.17478
1010,1.1675799999999998
1011,1.40222
1012,1.34685
1013,1.35556
1014,1.33758
1015,1.2844799999999998
1016,1.25114
1017,1.39398
1018,1.47515
1019,1.49512
1020,1.63929
1021,1.8878
1022,2.08683
1023,2.25291
1024,2.27308
1025,2.24126
1026,1.44191
1027,1.45583
1028,1.45979
1029,3.32881
1030,3.1086
1031,3.005
1032,2.10716
1033,1.86722
1034,1.76941
1035,1.1632
1036,1.14681
1037,1.13361
1038,1.4882799999999998
1039,1.60199
1040,1.65437
1041,1.51842
1042,1.36927
1043,1.30455
1044,1.45753
1045,1.45849
1046,1.46231
1047,1.19536
1048,1.15349
1049,1.17105
1050,1.83105
1051,1.91042
1052,1.8807
1053,1.3914799999999998
1054,1.38592
1055,1.43052
1056,1.25735
1057,1.21854
1058,1.16077
1059,1.39073
1060,1.54149
1061,1.46863
1062,1.7573299999999998
1063,1.71583
1064,1.65864
1065,1.73872
1066,1.76728
1067,1.82246
1068,1.67136
1069,1.73751
1070,1.66091
1071,3.35462
1072,3.45256
1073,3.16676
1074,3.14411
1075,2.74931
1076,2.68996
1077,1.0953
1078,1.11509
1079,1.1081299999999998
1080,1.74883
1081,1.72725
1082,1.7344099999999998
1083,1.23209
1084,1.30096
1085,1.28728
1086,1.32313
1087,1.4569299999999998
1088,1.5610700000000002
1089,1.1687
1090,1.15564
1091,1.14552
1092,1.18117
1093,1.16699
1094,1.16224
1095,1.18186
1096,1.16246
1097,1.16689
1098,1.13881
1099,1.18376
1100,1.20973
1101,1.17386
1102,1.1833
1103,1.17462
1104,1.33472
1105,1.38586
1106,1.37186
1107,1.58955
1108,1.90546
1109,1.75023
1110,1.2431
1111,1.24604
1112,1.23526
1113,1.509
1114,1.47436
1115,1.49522
1116,1.5162
1117,1.53221
1118,1.46205
1119,1.09825
1120,1.11339
1121,1.11034
1122,1.12498
1123,1.16283
1124,1.19875
1125,1.14737
1126,1.17752
1127,1.1821
1128,1.2699200000000002
1129,1.25394
1130,1.2248
1131,1.22814
1132,1.2252299999999998
1133,1.21004
1134,1.1733
1135,1.14136
1136,1.09985
1137,1.17503
1138,1.15488
1139,1.15184
1140,1.1262
1141,1.16951
1142,1.16442
1143,1.18239
1144,1.18167
1145,1.17897
1146,1.1143299999999998
1147,1.1610200000000002
1148,1.18157
1149,1.22101
1150,1.22172
1151,1.23023
1152,1.16029
1153,1.17435
1154,1.20107
1155,4.22096
1156,3.20129
1157,2.30269
1158,1.13163
1159,1.1224
1160,1.12897
1161,1.15699
1162,1.16874
1163,1.13714
1164,1.1287200000000002
1165,1.12341
1166,1.1141
1167,1.25056
1168,1.26597
1169,1.24265
1170,1.18533
1171,1.21819
1172,1.21782
1173,1.36764
1174,1.34312
1175,1.4417799999999998
1176,1.2138799999999998
1177,1.1813
1178,1.12512
1179,1.14968
1180,1.12781
1181,1.15184
1182,1.10239
1183,1.1548
1184,1.13484
1185,1.16077
1186,1.16349
1187,1.1730200000000002
1188,1.213
1189,1.19156
1190,1.20325
1191,1.33715
1192,1.40852
1193,1.31091
1194,1.20665
1195,1.19313
1196,1.22675
1197,2.00635
1198,2.05273
1199,2.3553900000000003
1200,1.58134
1201,1.43012
1202,1.26548
1203,1.09897
1204,1.07533
1205,1.1167
1206,1.18882
1207,1.21223
1208,1.18662
1209,1.16295
1210,1.16223
1211,1.15266
1212,1.13491
1213,1.12539
1214,1.1656
1215,1.15631
1216,1.16121
1217,1.17843
1218,1.39845
1219,1.46949
1220,1.53015
1221,1.75482
1222,1.86879
1223,1.80158
1224,1.80361
1225,1.7928
1226,1.83377
1227,2.13004
1228,1.99942
1229,1.9225
1230,1.67278
1231,1.66925
1232,1.66645
1233,1.66122
1234,1.6598400000000002
1235,1.61437
1236,1.61694
1237,1.61884
1238,1.55405
1239,1.35176
1240,1.35915
1241,1.3529799999999998
1242,1.44451
1243,1.42621
1244,1.39872
1245,1.6596799999999998
1246,1.75957
1247,1.5973
1248,1.73148
1249,2.2357400000000003
1250,2.48889
1251,1.53708
1252,1.72976
1253,1.9656
1254,1.60622
1255,1.6831599999999998
1256,1.7400799999999998
1257,1.54108
1258,1.63333
1259,1.57929
1260,1.15601
1261,1.17478
1262,1.1675799999999998
1263,1.40222
1264,1.34685
1265,1.35556
1266,1.33758
1267,1.2844799999999998
1268,1.25114
1269,1.39398
1270,1.47515
1271,1.49512
1272,1.63929
1273,1.8878
1274,2.08683
1275,2.25291
1276,2.27308
1277,2.24126
1278,1.44191
1279,1.45583
1280,1.45979
1281,3.32881
1282,3.1086
1283,3.005
1284,2.10716
1285,1.86722
1286,1.76941
1287,1.1632
1288,1.14681
1289,1.13361
1290,1.4882799999999998
1291,1.60199
1292,1.65437
1293,1.51842
1294,1.36927
1295,1.30455
1296,1.45753
1297,1.45849
1298,1.46231
1299,1.19536
1300,1.15349
1301,1.17105
1302,1.83105
1303,1.91042
1304,1.8807
1305,1.3914799999999998
1306,1.38592
1307,1.43052
1308,1.25735
1309,1.21854
1310,1.16077
1311,1.39073
1312,1.54149
1313,1.46863
1314,1.7573299999999998
1315,1.71583
1316,1.65864
1317,1.73872
1318,1.76728
1319,1.82246
1320,1.67136
1321,1.73751
1322,1.66091
1323,3.35462
1324,3.45256
1325,3.16676
1326,3.14411
1327,2.74931
1328,2.68996
1329,1.0953
1330,1.11509
1331,1.1081299999999998
1332,1.74883
1333,1.72725
1334,1.7344099999999998
1335,1.23209
1336,1.30096
1337,1.28728
1338,1.32313
1339,1.4569299999999998
1340,1.5610700000000002
1341,1.1687
1342,1.15564
1343,1.14552
1344,1.18117
1345,1.16699
1346,1.16224
1347,1.18186
1348,1.16246
1349,1.16689
1350,1.13881
1351,1.18376
1352,1.20973
1353,1.17386
1354,1.1833
1355,1.17462
1356,1.33472
1357,1.38586
1358,1.37186
1359,1.58955
1360,1.90546
1361,1.75023
1362,1.2431
1363,1.24604
1364,1.23526
1365,1.509
1366,1.47436
1367,1.49522
1368,1.5162
1369,1.53221
1370,1.46205
1371,1.09825
1372,1.11339
1373,1.11034
1374,1.12498
1375,1.16283
1376,1.19875
1377,1.14737
1378,1.17752
1379,1.1821
1380,1.2699200000000002
1381,1.25394
1382,1.2248
1383,1.22814
1384,1.2252299999999998
1385,1.21004
1386,1.1733
1387,1.14136
1388,1.09985
1389,1.17503
1390,1.15488
1391,1.15184
1392,1.1262
1393,1.16951
1394,1.16442
1395,1.18239
1396,1.18167
1397,1.17897
1398,1.1143299999999998
1399,1.1610200000000002
1400,1.18157
1401,1.22101
1402,1.22172
1403,1.23023
1404,1.16029
1405,1.17435
1406,1.20107
1407,4.22096
1408,3.20129
1409,2.30269
1410,1.13163
1411,1.1224
1412,1.12897
1413,1.15699
1414,1.16874
1415,1.13714
1416,1.1287200000000002
1417,1.12341
1418,1.1141
1419,1.25056
1420,1.26597
1421,1.24265
1422,1.18533
1423,1.21819
1424,1.21782
1425,1.36764
1426,1.34312
1427,1.4417799999999998
1428,1.2138799999999998
1429,1.1813
1430,1.12512
1431,1.14968
1432,1.12781
1433,1.15184
1434,1.10239
1435,1.1548
1436,1.13484
1437,1.16077
1438,1.16349
1439,1.1730200000000002
1440,1.213
1441,1.19156
1442,1.20325
1443,1.33715
1444,1.40852
1445,1.31091
1446,1.20665
1447,1.19313
1448,1.22675
1449,2.00635
1450,2.05273
1451,2.3553900000000003
1452,1.58134
1453,1.43012
1454,1.26548
1455,1.09897
1456,1.07533
1457,1.1167
1458,1.18882
1459,1.21223
1460,1.18662
1461,1.16295
1462,1.16223
1463,1.15266
1464,1.13491
1465,1.12539
1466,1.1656
1467,1.15631
1468,1.16121
1469,1.17843
1470,1.39845
1471,1.46949
1472,1.53015
1473,1.75482
1474,1.86879
1475,1.80158
1476,1.80361
1477,1.7928
1478,1.83377
1479,2.13004
1480,1.99942
1481,1.9225
1482,1.67278
1483,1.66925
1484,1.66645
1485,1.66122
1486,1.6598400000000002
1487,1.61437
1488,1.61694
1489,1.61884
1490,1.55405
1491,1.35176
1492,1.35915
1493,1.3529799999999998
1494,1.44451
1495,1.42621
1496,1.39872
1497,1.6596799999999998
1498,1.75957
1499,1.5973
1500,1.73148
1501,2.2357400000000003
1502,2.48889
1503,1.53708
1504,1.72976
1505,1.9656
1506,1.60622
1507,1.6831599999999998
1508,1.7400799999999998
1509,1.54108
1510,1.63333
1511,1.57929
1512,1.14293
1513,1.1560700000000002
1514,1.16127
1515,1.32394
1516,1.27833
1517,1.2043700000000002
1518,1.24386
1519,1.23928
1520,1.26209
1521,1.52434
1522,1.59164
1523,1.76078
1524,2.04457
1525,2.03543
1526,2.00157
1527,2.16106
1528,2.14264
1529,1.98993
1530,1.40634
1531,1.40028
1532,1.41772
1533,3.00359
1534,2.82612
1535,2.6823200000000003
1536,1.74287
1537,1.70511
1538,1.63769
1539,1.1403
1540,1.1519
1541,1.22979
1542,1.94769
1543,2.03917
1544,2.1814400000000003
1545,1.25498
1546,1.2526700000000002
1547,1.27611
1548,1.45433
1549,1.41353
1550,1.28847
1551,1.13562
1552,1.16285
1553,1.14156
1554,1.7438900000000002
1555,1.55894
1556,1.4865700000000002
1557,1.39936
1558,1.33201
1559,1.24836
1560,1.16446
1561,1.16332
1562,1.16572
1563,1.39529
1564,1.45096
1565,1.58423
1566,1.75236
1567,1.8274
1568,1.71331
1569,1.77652
1570,1.86338
1571,1.76837
1572,1.63821
1573,1.59129
1574,1.60555
1575,3.03214
1576,2.85514
1577,2.7770900000000003
1578,2.42947
1579,2.80911
1580,2.41251
1581,1.11543
1582,1.11889
1583,1.15929
1584,1.70084
1585,1.62854
1586,1.6754
1587,1.26837
1588,1.26506
1589,1.2361799999999998
1590,1.60243
1591,1.51881
1592,1.40616
1593,1.1458700000000002
1594,1.16609
1595,1.16196
1596,1.18991
1597,1.18216
1598,1.2248
1599,1.16616
1600,1.15899
1601,1.17521
1602,1.13944
1603,1.13342
1604,1.1867299999999998
1605,1.17714
1606,1.21394
1607,1.2569
1608,1.38181
1609,1.26693
1610,1.23147
1611,1.50801
1612,1.4776200000000002
1613,1.49263
1614,1.21785
1615,1.2216
1616,1.2381
1617,1.537
1618,1.72091
1619,2.89345
1620,1.26889
1621,1.16296
1622,1.12626
1623,1.1226200000000002
1624,1.11065
1625,1.1074700000000002
1626,1.2571
1627,1.38071
1628,1.30938
1629,1.17433
1630,1.16349
1631,1.24942
1632,1.21892
1633,1.24896
1634,1.24149
1635,1.19527
1636,1.20002
1637,1.20877
1638,1.11648
1639,1.15947
1640,1.12814
1641,1.12449
1642,1.13518
1643,1.20862
1644,1.15176
1645,1.19128
1646,1.13847
1647,1.15557
1648,1.13751
1649,1.1241
1650,1.16572
1651,1.13848
1652,1.14847
1653,1.21992
1654,1.16887
1655,1.17044
1656,1.22004
1657,1.17649
1658,1.16605
1659,1.65841
1660,1.13953
1661,1.13111
1662,1.14069
1663,1.13202
1664,1.12669
1665,1.21056
1666,1.19262
1667,1.1546
1668,1.14867
1669,1.18556
1670,1.18333
1671,1.29346
1672,1.24642
1673,1.18009
1674,1.20039
1675,1.22944
1676,1.23695
1677,1.30792
1678,1.31205
1679,1.3101200000000002
1680,1.14152
1681,1.11466
1682,1.13104
1683,1.13654
1684,1.14559
1685,1.12717
1686,1.13764
1687,1.13879
1688,1.10878
1689,1.14716
1690,1.13394
1691,1.08073
1692,1.20733
1693,1.20053
1694,1.18081
1695,1.35168
1696,1.3071700000000002
1697,1.2672
1698,1.19185
1699,1.22681
1700,1.22019
1701,1.88183
1702,1.6562400000000002
1703,1.56826
1704,1.17177
1705,1.17573
1706,1.16622
1707,1.11838
1708,1.11011
1709,1.12907
1710,1.14959
1711,1.15866
1712,1.14174
1713,1.1645299999999998
1714,1.17531
1715,1.17808
1716,1.20279
1717,1.23464
1718,1.2129
1719,1.16415
1720,1.17432
1721,1.17898
1722,1.65602
1723,1.98464
1724,1.67169
1725,1.69337
1726,1.99056
1727,1.6981
1728,1.7814
1729,1.73037
1730,1.65267
1731,1.7732900000000005
1732,1.7180400000000002
1733,1.7352299999999998
1734,1.75975
1735,1.76452
1736,1.6577400000000002
1737,1.71386
1738,1.59169
1739,1.5933700000000002
1740,1.65242
1741,1.63301
1742,1.55497
1743,1.62603
1744,1.65873
1745,2.15228
1746,1.3773799999999998
1747,1.47448
1748,1.3574700000000002
1749,1.85863
1750,1.71602
1751,1.88311
1752,1.79242
1753,1.70563
1754,1.6283299999999998
1755,2.0673
1756,1.88263
1757,1.83499
1758,1.57568
1759,1.4839
1760,1.37971
1761,1.62521
1762,1.5262
1763,1.56475
1764,1.07856
1765,1.09596
1766,1.19928
1767,1.90454
1768,1.89053
1769,1.93805
1770,1.16237
1771,1.1832200000000002
1772,1.17085
1773,1.3846
1774,1.53243
1775,1.6933900000000002
1776,2.22066
1777,2.30858
1778,2.35675
1779,3.16286
1780,2.96272
1781,2.90692
1782,1.26319
1783,1.25945
1784,1.27399
1785,1.23216
1786,1.21865
1787,1.20944
1788,1.59836
1789,1.65714
1790,1.79608
1791,1.43101
1792,1.34047
1793,1.23698
1794,2.26395
1795,1.97051
1796,1.81343
1797,1.539
1798,1.59574
1799,1.48801
1800,1.73337
1801,1.70823
1802,1.6850900000000002
1803,1.1942
1804,1.17705
1805,1.16552
1806,1.07466
1807,1.10125
1808,1.12304
1809,1.53415
1810,1.4844
1811,1.6162299999999998
1812,1.1590200000000002
1813,1.1392799999999998
1814,1.15854
1815,2.22736
1816,1.72754
1817,1.7138400000000005
1818,1.7885400000000002
1819,1.812
1820,1.76909
1821,1.7885099999999998
1822,1.75063
1823,1.75138
1824,1.4597
1825,1.47279
1826,1.3893799999999998
1827,1.61004
1828,1.81676
1829,1.54557
1830,1.23112
1831,1.18638
1832,1.189
1833,1.6358700000000002
1834,1.52912
1835,1.37081
1836,1.7354599999999998
1837,1.53208
1838,1.3861
1839,2.05788
1840,1.63612
1841,1.72115
1842,3.57805
1843,1.82601
1844,1.6389900000000002
1845,1.14184
1846,1.12824
1847,1.12114
1848,1.14365
1849,1.16847
1850,1.14203
1851,1.18288
1852,1.22806
1853,1.19573
1854,1.15743
1855,1.12447
1856,1.11279
1857,1.2034
1858,1.18336
1859,1.22948
1860,1.46678
1861,1.59624
1862,1.55314
1863,1.45107
1864,1.50427
1865,1.59148
1866,1.24391
1867,1.23674
1868,1.2206
1869,1.12476
1870,1.12404
1871,1.13208
1872,1.18059
1873,1.1586
1874,1.14638
1875,1.14518
1876,1.16681
1877,1.17666
1878,1.32425
1879,1.41841
1880,1.2981
1881,1.30924
1882,1.52972
1883,1.39365
1884,1.53653
1885,1.22205
1886,1.17545
1887,1.19757
1888,1.18068
1889,1.21537
1890,1.15323
1891,1.13477
1892,1.1515799999999998
1893,1.18401
1894,1.16711
1895,1.16034
1896,1.20855
1897,1.20464
1898,1.16201
1899,1.1453
1900,1.19761
1901,1.20352
1902,1.1388200000000002
1903,1.19761
1904,1.19694
1905,1.2103700000000002
1906,1.20231
1907,1.17593
1908,1.16328
1909,1.22341
1910,1.1973200000000002
1911,1.10263
1912,1.09995
1913,1.08946
1914,1.15564
1915,1.16962
1916,1.18169
1917,1.15248
1918,1.15972
1919,1.13466
1920,1.24685
1921,1.24726
1922,1.18804
1923,1.23437
1924,1.16413
1925,1.24229
1926,1.15556
1927,1.17002
1928,1.19652
1929,1.33169
1930,1.2294200000000002
1931,1.2845799999999998
1932,1.08952
1933,1.08504
1934,1.09979
1935,1.14216
1936,1.11617
1937,1.12952
1938,1.14309
1939,1.13717
1940,1.13491
1941,1.15155
1942,1.1589200000000002
1943,1.21023
1944,1.21626
1945,1.20126
1946,1.17475
1947,1.23978
1948,1.23689
1949,1.22518
1950,1.25349
1951,1.23288
1952,1.23895
1953,1.20047
1954,1.21878
1955,1.21863
1956,1.17444
1957,1.18724
1958,1.18772
1959,1.13156
1960,1.1631
1961,1.17023
1962,1.3171
1963,1.32053
1964,1.29073
1965,1.3046
1966,1.19001
1967,1.22642
1968,1.1501
1969,1.18551
1970,1.15929
1971,1.20597
1972,1.14552
1973,1.16589
1974,1.63375
1975,1.58849
1976,1.48755
1977,1.82047
1978,1.89261
1979,1.85064
1980,1.63888
1981,1.65789
1982,1.72121
1983,1.979
1984,1.80604
1985,2.33174
1986,1.86642
1987,1.95579
1988,1.82797
1989,1.6969900000000002
1990,1.56257
1991,1.7154599999999998
1992,1.7045099999999995
1993,1.69976
1994,1.81759
1995,1.49284
1996,1.59671
1997,1.5639299999999998
1998,1.77816
1999,2.20743
2000,2.60655
2001,2.65088
2002,2.3247400000000003
2003,1.75174
2004,2.22943
2005,3.21049
2006,3.13386
2007,2.53237
2008,2.3473
2009,3.43141
2010,1.78032
2011,1.61492
2012,2.20441
2013,2.35463
2014,1.9852
2015,1.92676
2016,1.07856
2017,1.09596
2018,1.19928
2019,1.90454
2020,1.89053
2021,1.93805
2022,1.16237
2023,1.1832200000000002
2024,1.17085
2025,1.3846
2026,1.53243
2027,1.6933900000000002
2028,2.22066
2029,2.30858
2030,2.35675
2031,3.16286
2032,2.96272
2033,2.90692
2034,1.26319
2035,1.25945
2036,1.27399
2037,1.23216
2038,1.21865
2039,1.20944
2040,1.59836
2041,1.65714
2042,1.79608
2043,1.43101
2044,1.34047
2045,1.23698
2046,2.26395
2047,1.97051
2048,1.81343
2049,1.539
2050,1.59574
2051,1.48801
2052,1.73337
2053,1.70823
2054,1.6850900000000002
2055,1.1942
2056,1.17705
2057,1.16552
2058,1.07466
2059,1.10125
2060,1.12304
2061,1.53415
2062,1.4844
2063,1.6162299999999998
2064,1.1590200000000002
2065,1.1392799999999998
2066,1.15854
2067,2.22736
2068,1.72754
2069,1.7138400000000005
2070,1.7885400000000002
2071,1.812
2072,1.76909
2073,1.7885099999999998
2074,1.75063
2075,1.75138
2076,1.4597
2077,1.47279
2078,1.3893799999999998
2079,1.61004
2080,1.81676
2081,1.54557
2082,1.23112
2083,1.18638
2084,1.189
2085,1.6358700000000002
2086,1.52912
2087,1.37081
2088,1.7354599999999998
2089,1.53208
2090,1.3861
2091,2.05788
2092,1.63612
2093,1.72115
2094,3.57805
2095,1.82601
2096,1.6389900000000002
2097,1.14184
2098,1.12824
2099,1.12114
2100,1.14365
2101,1.16847
2102,1.14203
2103,1.18288
2104,1.22806
2105,1.19573
2106,1.15743
2107,1.12447
2108,1.11279
2109,1.2034
2110,1.18336
2111,1.22948
2112,1.46678
2113,1.59624
2114,1.55314
2115,1.45107
2116,1.50427
2117,1.59148
2118,1.24391
2119,1.23674
2120,1.2206
2121,1.12476
2122,1.12404
2123,1.13208
2124,1.18059
2125,1.1586
2126,1.14638
2127,1.14518
2128,1.16681
2129,1.17666
2130,1.32425
2131,1.41841
2132,1.2981
2133,1.30924
2134,1.52972
2135,1.39365
2136,1.53653
2137,1.22205
2138,1.17545
2139,1.19757
2140,1.18068
2141,1.21537
2142,1.15323
2143,1.13477
2144,1.1515799999999998
2145,1.18401
2146,1.16711
2147,1.16034
2148,1.20855
2149,1.20464
2150,1.16201
2151,1.1453
2152,1.19761
2153,1.20352
2154,1.1388200000000002
2155,1.19761
2156,1.19694
2157,1.2103700000000002
2158,1.20231
2159,1.17593
2160,1.16328
2161,1.22341
2162,1.1973200000000002
2163,1.10263
2164,1.09995
2165,1.08946
2166,1.15564
2167,1.16962
2168,1.18169
2169,1.15248
2170,1.15972
2171,1.13466
2172,1.24685
2173,1.24726
2174,1.18804
2175,1.23437
2176,1.16413
2177,1.24229
2178,1.15556
2179,1.17002
2180,1.19652
2181,1.33169
2182,1.2294200000000002
2183,1.2845799999999998
2184,1.08952
2185,1.08504
2186,1.09979
2187,1.14216
2188,1.11617
2189,1.12952
2190,1.14309
2191,1.13717
2192,1.13491
2193,1.15155
2194,1.1589200000000002
2195,1.21023
2196,1.21626
2197,1.20126
2198,1.17475
2199,1.23978
2200,1.23689
2201,1.22518
2202,1.25349
2203,1.23288
2204,1.23895
2205,1.20047
2206,1.21878
2207,1.21863
2208,1.17444
2209,1.18724
2210,1.18772
2211,1.13156
2212,1.1631
2213,1.17023
2214,1.3171
2215,1.32053
2216,1.29073
2217,1.3046
2218,1.19001
2219,1.22642
2220,1.1501
2221,1.18551
2222,1.15929
2223,1.20597
2224,1.14552
2225,1.16589
2226,1.63375
2227,1.58849
2228,1.48755
2229,1.82047
2230,1.89261
2231,1.85064
2232,1.63888
2233,1.65789
2234,1.72121
2235,1.979
2236,1.80604
2237,2.33174
2238,1.86642
2239,1.95579
2240,1.82797
2241,1.6969900000000002
2242,1.56257
2243,1.7154599999999998
2244,1.7045099999999995
2245,1.69976
2246,1.81759
2247,1.49284
2248,1.59671
2249,1.5639299999999998
2250,1.77816
2251,2.20743
2252,2.60655
2253,2.65088
2254,2.3247400000000003
2255,1.75174
2256,2.22943
2257,3.21049
2258,3.13386
2259,2.53237
2260,2.3473
2261,3.43141
2262,1.78032
2263,1.61492
2264,2.20441
2265,2.35463
2266,1.9852
2267,1.92676
2268,1.14293
2269,1.1560700000000002
2270,1.16127
2271,1.32394
2272,1.27833
2273,1.2043700000000002
2274,1.24386
2275,1.23928
2276,1.26209
2277,1.52434
2278,1.59164
2279,1.76078
2280,2.04457
2281,2.03543
2282,2.00157
2283,2.16106
2284,2.14264
2285,1.98993
2286,1.40634
2287,1.40028
2288,1.41772
2289,3.00359
2290,2.82612
2291,2.6823200000000003
2292,1.74287
2293,1.70511
2294,1.63769
2295,1.1403
2296,1.1519
2297,1.22979
2298,1.94769
2299,2.03917
2300,2.1814400000000003
2301,1.25498
2302,1.2526700000000002
2303,1.27611
2304,1.45433
2305,1.41353
2306,1.28847
2307,1.13562
2308,1.16285
2309,1.14156
2310,1.7438900000000002
2311,1.55894
2312,1.4865700000000002
2313,1.39936
2314,1.33201
2315,1.24836
2316,1.16446
2317,1.16332
2318,1.16572
2319,1.39529
2320,1.45096
2321,1.58423
2322,1.75236
2323,1.8274
2324,1.71331
2325,1.77652
2326,1.86338
2327,1.76837
2328,1.63821
2329,1.59129
2330,1.60555
2331,3.03214
2332,2.85514
2333,2.7770900000000003
2334,2.42947
2335,2.80911
2336,2.41251
2337,1.11543
2338,1.11889
2339,1.15929
2340,1.70084
2341,1.62854
2342,1.6754
2343,1.26837
2344,1.26506
2345,1.2361799999999998
2346,1.60243
2347,1.51881
2348,1.40616
2349,1.1458700000000002
2350,1.16609
2351,1.16196
2352,1.18991
2353,1.18216
2354,1.2248
2355,1.16616
2356,1.15899
2357,1.17521
2358,1.13944
2359,1.13342
2360,1.1867299999999998
2361,1.17714
2362,1.21394
2363,1.2569
2364,1.38181
2365,1.26693
2366,1.23147
2367,1.50801
2368,1.4776200000000002
2369,1.49263
2370,1.21785
2371,1.2216
2372,1.2381
2373,1.537
2374,1.72091
2375,2.89345
2376,1.26889
2377,1.16296
2378,1.12626
2379,1.1226200000000002
2380,1.11065
2381,1.1074700000000002
2382,1.2571
2383,1.38071
2384,1.30938
2385,1.17433
2386,1.16349
2387,1.24942
2388,1.21892
2389,1.24896
2390,1.24149
2391,1.19527
2392,1.20002
2393,1.20877
2394,1.11648
2395,1.15947
2396,1.12814
2397,1.12449
2398,1.13518
2399,1.20862
2400,1.15176
2401,1.19128
2402,1.13847
2403,1.15557
2404,1.13751
2405,1.1241
2406,1.16572
2407,1.13848
2408,1.14847
2409,1.21992
2410,1.16887
2411,1.17044
2412,1.22004
2413,1.17649
2414,1.16605
2415,1.65841
2416,1.13953
2417,1.13111
2418,1.14069
2419,1.13202
2420,1.12669
2421,1.21056
2422,1.19262
2423,1.1546
2424,1.14867
2425,1.18556
2426,1.18333
2427,1.29346
2428,1.24642
2429,1.18009
2430,1.20039
2431,1.22944
2432,1.23695
2433,1.30792
2434,1.31205
2435,1.3101200000000002
2436,1.14152
2437,1.11466
2438,1.13104
2439,1.13654
2440,1.14559
2441,1.12717
2442,1.13764
2443,1.13879
2444,1.10878
2445,1.14716
2446,1.13394
2447,1.08073
2448,1.20733
2449,1.20053
2450,1.18081
2451,1.35168
2452,1.3071700000000002
2453,1.2672
2454,1.19185
2455,1.22681
2456,1.22019
2457,1.88183
2458,1.6562400000000002
2459,1.56826
2460,1.17177
2461,1.17573
2462,1.16622
2463,1.11838
2464,1.11011
2465,1.12907
2466,1.14959
2467,1.15866
2468,1.14174
2469,1.1645299999999998
2470,1.17531
2471,1.17808
2472,1.20279
2473,1.23464
2474,1.2129
2475,1.16415
2476,1.17432
2477,1.17898
2478,1.65602
2479,1.98464
2480,1.67169
2481,1.69337
2482,1.99056
2483,1.6981
2484,1.7814
2485,1.73037
2486,1.65267
2487,1.7732900000000005
2488,1.7180400000000002
2489,1.7352299999999998
2490,1.75975
2491,1.76452
2492,1.6577400000000002
2493,1.71386
2494,1.59169
2495,1.5933700000000002
2496,1.65242
2497,1.63301
2498,1.55497
2499,1.62603
2500,1.65873
2501,2.15228
2502,1.3773799999999998
2503,1.47448
2504,1.3574700000000002
2505,1.85863
2506,1.71602
2507,1.88311
2508,1.79242
2509,1.70563
2510,1.6283299999999998
2511,2.0673
2512,1.88263
2513,1.83499
2514,1.57568
2515,1.4839
2516,1.37971
2517,1.62521
2518,1.5262
2519,1.56475
2520,1.14293
2521,1.1560700000000002
2522,1.16127
2523,1.32394
2524,1.27833
2525,1.2043700000000002
2526,1.24386
2527,1.23928
2528,1.26209
2529,1.52434
2530,1.59164
2531,1.76078
2532,2.04457
2533,2.03543
2534,2.00157
2535,2.16106
2536,2.14264
2537,1.98993
2538,1.40634
2539,1.40028
2540,1.41772
2541,3.00359
2542,2.82612
2543,2.6823200000000003
2544,1.74287
2545,1.70511
2546,1.63769
2547,1.1403
2548,1.1519
2549,1.22979
2550,1.94769
2551,2.03917
2552,2.1814400000000003
2553,1.25498
2554,1.2526700000000002
2555,1.27611
2556,1.45433
2557,1.41353
2558,1.28847
2559,1.13562
2560,1.16285
2561,1.14156
2562,1.7438900000000002
2563,1.55894
2564,1.4865700000000002
2565,1.39936
2566,1.33201
2567,1.24836
2568,1.16446
2569,1.16332
2570,1.16572
2571,1.39529
2572,1.45096
2573,1.58423
2574,1.75236
2575,1.8274
2576,1.71331
2577,1.77652
2578,1.86338
2579,1.76837
2580,1.63821
2581,1.59129
2582,1.60555
2583,3.03214
2584,2.85514
2585,2.7770900000000003
2586,2.42947
2587,2.80911
2588,2.41251
2589,1.11543
2590,1.11889
2591,1.15929
2592,1.70084
2593,1.62854
2594,1.6754
2595,1.26837
2596,1.26506
2597,1.2361799999999998
2598,1.60243
2599,1.51881
2600,1.40616
2601,1.1458700000000002
2602,1.16609
2603,1.16196
2604,1.18991
2605,1.18216
2606,1.2248
2607,1.16616
2608,1.15899
2609,1.17521
2610,1.13944
2611,1.13342
2612,1.1867299999999998
2613,1.17714
2614,1.21394
2615,1.2569
2616,1.38181
2617,1.26693
2618,1.23147
2619,1.50801
2620,1.4776200000000002
2621,1.49263
2622,1.21785
2623,1.2216
2624,1.2381
2625,1.537
2626,1.72091
2627,2.89345
2628,1.26889
2629,1.16296
2630,1.12626
2631,1.1226200000000002
2632,1.11065
2633,1.1074700000000002
2634,1.2571
2635,1.38071
2636,1.30938
2637,1.17433
2638,1.16349
2639,1.24942
2640,1.21892
2641,1.24896
2642,1.24149
2643,1.19527
2644,1.20002
2645,1.20877
2646,1.11648
2647,1.15947
2648,1.12814
2649,1.12449
2650,1.13518
2651,1.20862
2652,1.15176
2653,1.19128
2654,1.13847
2655,1.15557
2656,1.13751
2657,1.1241
2658,1.16572
2659,1.13848
2660,1.14847
2661,1.21992
2662,1.16887
2663,1.17044
2664,1.22004
2665,1.17649
2666,1.16605
2667,1.65841
2668,1.13953
2669,1.13111
2670,1.14069
2671,1.13202
2672,1.12669
2673,1.21056
2674,1.19262
2675,1.1546
2676,1.14867
2677,1.18556
2678,1.18333
2679,1.29346
2680,1.24642
2681,1.18009
2682,1.20039
2683,1.22944
2684,1.23695
2685,1.30792
2686,1.31205
2687,1.3101200000000002
2688,1.14152
2689,1.11466
2690,1.13104
2691,1.13654
2692,1.14559
2693,1.12717
2694,1.13764
2695,1.13879
2696,1.10878
2697,1.14716
2698,1.13394
2699,1.08073
2700,1.20733
2701,1.20053
2702,1.18081
2703,1.35168
2704,1.3071700000000002
2705,1.2672
2706,1.19185
2707,1.22681
2708,1.22019
2709,1.88183
2710,1.6562400000000002
2711,1.56826
2712,1.17177
2713,1.17573
2714,1.16622
2715,1.11838
2716,1.11011
2717,1.12907
2718,1.14959
2719,1.15866
2720,1.14174
2721,1.1645299999999998
2722,1.17531
2723,1.17808
2724,1.20279
2725,1.23464
2726,1.2129
2727,1.16415
2728,1.17432
2729,1.17898
2730,1.65602
2731,1.98464
2732,1.67169
2733,1.69337
2734,1.99056
2735,1.6981
2736,1.7814
2737,1.73037
2738,1.65267
2739,1.7732900000000005
2740,1.7180400000000002
2741,1.7352299999999998
2742,1.75975
2743,1.76452
2744,1.6577400000000002
2745,1.71386
2746,1.59169
2747,1.5933700000000002
2748,1.65242
2749,1.63301
2750,1.55497
2751,1.62603
2752,1.65873
2753,2.15228
2754,1.3773799999999998
2755,1.47448
2756,1.3574700000000002
2757,1.85863
2758,1.71602
2759,1.88311
2760,1.79242
2761,1.70563
2762,1.6283299999999998
2763,2.0673
2764,1.88263
2765,1.83499
2766,1.57568
2767,1.4839
2768,1.37971
2769,1.62521
2770,1.5262
2771,1.56475
2772,0.993483
2773,1.01506
2774,1.00103
2775,1.00348
2776,1.03006
2777,1.05959
2778,1.00567
2779,1.00331
2780,1.01173
2781,1.04706
2782,1.06247
2783,1.05949
2784,1.26721
2785,1.1655799999999998
2786,1.07426
2787,1.2605
2788,1.38458
2789,1.25003
2790,1.13296
2791,1.18583
2792,1.08142
2793,1.02712
2794,1.03302
2795,1.04892
2796,1.13232
2797,1.14046
2798,1.13558
2799,1.08215
2800,1.05916
2801,1.07531
2802,1.18907
2803,1.17069
2804,1.22082
2805,1.22246
2806,1.21173
2807,1.25322
2808,1.19624
2809,1.18396
2810,1.1937
2811,1.29199
2812,1.28416
2813,1.22344
2814,1.06346
2815,1.1521
2816,1.11932
2817,1.54693
2818,1.3208
2819,1.16198
2820,1.16157
2821,1.10155
2822,1.1307200000000002
2823,1.53054
2824,1.45981
2825,1.40916
2826,1.35414
2827,1.56108
2828,1.70019
2829,1.27208
2830,1.2391299999999998
2831,1.32821
2832,1.49312
2833,1.30038
2834,1.35263
2835,1.0522
2836,1.09986
2837,1.10949
2838,1.14446
2839,1.17218
2840,1.14671
2841,1.12289
2842,1.08856
2843,1.06566
2844,1.3333700000000002
2845,1.21945
2846,1.17979
2847,1.12517
2848,1.14582
2849,1.20287
2850,1.08851
2851,1.1242299999999998
2852,1.1065
2853,1.3514
2854,1.34831
2855,1.19964
2856,1.01595
2857,1.0125
2858,1.02207
2859,1.00895
2860,1.10474
2861,1.04098
2862,1.00432
2863,0.970774
2864,1.02666
2865,1.06938
2866,1.05455
2867,1.09917
2868,1.07715
2869,1.1004
2870,1.13061
2871,1.06336
2872,1.04588
2873,1.11054
2874,1.11212
2875,1.10781
2876,1.10792
2877,1.01043
2878,1.02971
2879,0.993638
2880,1.02117
2881,1.01723
2882,1.0373
2883,1.0064799999999998
2884,1.00613
2885,1.02579
2886,1.08523
2887,1.07566
2888,1.07965
2889,1.12654
2890,1.08348
2891,1.07973
2892,1.0701200000000002
2893,1.07605
2894,1.10068
2895,1.07891
2896,1.05351
2897,1.06372
2898,0.983677
2899,0.984964
2900,1.01125
2901,1.02354
2902,1.08535
2903,1.12426
2904,1.02286
2905,1.01457
2906,0.996893
2907,1.14683
2908,1.15705
2909,1.61238
2910,1.03237
2911,1.09468
2912,1.03788
2913,1.0799299999999998
2914,1.06026
2915,1.0767799999999998
2916,1.04336
2917,1.02785
2918,1.02075
2919,1.29718
2920,1.25713
2921,1.22471
2922,1.18315
2923,1.26251
2924,1.22012
2925,1.2593
2926,1.24865
2927,1.29735
2928,1.21767
2929,1.19071
2930,1.18287
2931,1.25195
2932,1.22145
2933,1.19478
2934,1.24261
2935,1.17851
2936,1.17375
2937,1.25695
2938,1.19994
2939,1.22858
2940,1.08008
2941,1.07522
2942,1.11352
2943,1.10045
2944,1.08989
2945,1.05247
2946,1.0422
2947,1.0757
2948,1.07753
2949,1.10206
2950,1.1304
2951,1.15364
2952,1.15422
2953,1.20935
2954,1.21607
2955,1.13137
2956,1.14452
2957,1.20418
2958,1.1655799999999998
2959,1.11311
2960,1.19478
2961,1.05762
2962,1.04705
2963,1.06716
2964,1.12409
2965,1.15872
2966,1.15133
2967,1.06851
2968,1.0576
2969,1.06462
2970,1.13852
2971,1.14529
2972,1.13966
2973,1.1348200000000002
2974,1.10289
2975,1.1203299999999998
2976,1.10624
2977,1.16818
2978,1.10632
2979,1.1248
2980,1.09178
2981,1.06424
2982,1.41415
2983,1.74584
2984,1.57128
2985,1.62641
2986,1.38919
2987,1.72605
2988,1.38997
2989,2.15055
2990,1.75258
2991,1.45261
2992,1.64133
2993,1.95454
2994,1.46256
2995,1.33213
2996,1.42809
2997,1.32277
2998,1.34065
2999,1.36177
3000,1.35851
3001,1.34214
3002,1.34771
3003,1.22579
3004,1.29843
3005,1.27007
3006,1.62838
3007,1.60406
3008,1.62543
3009,1.4225
3010,2.33466
3011,6.75427
3012,2.98483
3013,1.97999
3014,1.74978
3015,2.10478
3016,1.6251
3017,1.31067
3018,1.36901
3019,1.41035
3020,1.5337
3021,1.4081
3022,1.13509
3023,1.3167799999999998
